I_28	te maris et terrae numeroque carentis harenae mensorem cohibent Archyta pulueris exigui prope litus parua Matinum munera nec quicquam tibi prodest aerias temptasse domos animoque rotundum percurrisse polum morituro	negative
I_28	occidit et Pelopis genitor conuiua deorum Tithonusque remotus in auras et Iouis arcanis Minos admissus habentque Tartara Panthoiden iterum Orco demissum quamuis clipeo Troiana refixo tempora testatus nihil ultra neruos atque cutem morti concesserat atrae iudice te non sordidus auctor naturae uerique	negative
I_28	sed omnis una manet nox et calcanda semel uia leti	negative
I_28	dant alios Furiae toruo spectacula Marti exitio est auidum mare nautis mixta senum ac iuuenum densentur funera nullum saeua caput Proserpina fugit	negative
I_28	me quoque deuexi rapidus comes Orionis Illyricis Notus obruit undis	negative
I_28	at tu nauta uagae ne parce malignus harenae ossibus et capiti inhumato particulam dare sic quodcumque minabitur Eurus fluctibus Hesperiis Uenusinae plectantur siluae te sospite multaque merces unde potest tibi defluat aequo ab Ioue Neptunoque sacri custode Tarenti	mixed
I_28	neglegis inmeritis nocituram postmodo te natis fraudem conmittere	negative
I_28	fors et debita iura uicesque superbae te maneant ipsum precibus non linquar inultis teque piacula nulla resoluent	negative
I_28	quamquam festinas non est mora longa licebit iniecto ter puluere curras	neutral