II_3	aequam memento rebus in arduis seruare mentem non secus in bonis ab insolenti temperatam laetitia moriture Delli seu maestus omni tempore uixeris seu te in remoto gramine per dies festos reclinatum bearis interiore nota Falerni	mixed
II_3	quo pinus ingens albaque populus umbram hospitalem consociare amant ramis	positive
II_3	quid obliquo laborat lympha fugax trepidare riuo	positive
II_3	huc uina et unguenta et nimium breuis flores amoenae ferre iube rosae dum res et aetas et sororum fila trium patiuntur atra	mixed
II_3	cedes coemptis saltibus et domo uillaque flauos quam Tiberis lauit cedes et exstructis in altum diuitiis potietur heres	negative
II_3	diuesne prisco natus ab Inacho nil interest an pauper et infima de gente sub diuo moreris uictima nil miserantis Orci omnes eodem cogimur omnium uersatur urna serius ocius sors exitura et nos in aeternum exilium inpositura cumbae	negative