II_11	quid bellicosus Cantaber et Scythes Hirpine Quincti cogitet Hadria diuisus obiecto remittas quaerere nec trepides in usum poscentis aeui pauca	neutral
II_11	fugit retro leuis iuuentas et decor arida pellente lasciuos amores canitie facilemque somnum non semper idem floribus est honor uernis neque uno luna rubens nitet uoltu quid aeternis minorem consiliis animum fatigas	negative
II_11	cur non sub alta uel platano uel hac pinu iacentes sic temere et rosa canos odorati capillos dum licet Assyriaque nardo potamus uncti	positive
II_11	dissipat Euhius curas edacis	positive
II_11	quis puer ocius restinguet ardentis Falerni pocula praetereunte lympha	neutral
II_11	quis deuium scortum eliciet domo Lyden	negative
II_11	eburna dic age cum lyra maturet in comptum Lacaenae more comam religata nodum	neutral