IV_13	audiuere Lyce di mea uota di audiuere Lyce fis anus et tamen uis formosa uideri ludisque et bibis inpudens et cantu tremulo pota Cupidinem lentum sollicitas ille uirentis et doctae psallere Chiae pulcris excubat in genis	mixed
IV_13	inportunus enim transuolat aridas quercus et refugit te quia luridi dentes te quia rugae turpant et capitis niues	negative
IV_13	nec Coae referunt iam tibi purpurae nec cari lapides tempora quae semel notis condita fastis inclusit uolucris dies	negative
IV_13	quo fugit uenus heu quoue color decens quo motus	negative
IV_13	quid habes illius illius quae spirabat amores quae me surpuerat mihi felix post Cinaram notaque et artium gratarum facies	mixed
IV_13	sed Cinarae breuis annos fata dederunt seruatura diu parem cornicis uetulae temporibus Lycen possent ut iuuenes uisere feruidi multo non sine risu dilapsam in cineres facem	negative