I_14	o nauis referent in mare te noui fluctus	negative
I_14	o quid agis	neutral
I_14	fortiter occupa portum	neutral
I_14	nonne uides ut nudum remigio latus et malus celeri saucius Africo antemnaeque gemant ac sine funibus uix durare carinae possint imperiosius aequor	negative
I_14	non tibi sunt integra lintea non di quos iterum pressa uoces malo	negative
I_14	quamuis Pontica pinus siluae filia nobilis iactes et genus et nomen inutile nil pictis timidus nauita puppibus fidit	negative
I_14	tu nisi uentis debes ludibrium caue	negative
I_14	nuper sollicitum quae mihi taedium nunc desiderium curaque non leuis interfusa nitentis uites aequora Cycladas	negative