III_24	intactis opulentior thesauris Arabum et diuitis Indiae caementis licet occupes terrenum omne tuis et mare publicum si figit adamantinos summis uerticibus dira Necessitas clauos non animum metu non mortis laqueis expedies caput	negative
III_24	campestres melius Scythae quorum plaustra uagas rite trahunt domos uiuunt et rigidi Getae inmetata quibus iugera liberas fruges et Cererem ferunt nec cultura placet longior annua defunctumque laboribus aequali recreat sorte uicarius	positive
III_24	illic matre carentibus priuignis mulier temperat innocens nec dotata regit uirum coniunx nec nitido fidit adultero dos est magna parentium uirtus et metuens alterius uiri certo foedere castitas et peccare nefas aut pretium est mori	positive
III_24	o quisquis uolet inpias caedis et rabiem tollere ciuicam si quaeret pater urbium subscribi statuis indomitam audeat refrenare licentiam clarus postgenitis quatenus heu nefas uirtutem incolumem odimus sublatam ex oculis quaerimus inuidi	negative
III_24	quid tristes querimoniae si non supplicio culpa reciditur quid leges sine moribus uanae proficiunt si neque feruidis pars inclusa caloribus mundi nec Boreae finitimum latus durataeque solo niues mercatorem abigunt horrida callidi uincunt aequora nauitae magnum pauperies opprobrium iubet quiduis et facere et pati uirtutisque uiam deserit arduae	negative
III_24	uel nos in Capitolium quo clamor uocat et turba fauentium uel nos in mare proximum gemmas et lapides aurum et inutile summi materiem mali mittamus scelerum si bene paenitet	negative
III_24	eradenda cupidinis praui sunt elementa et tenerae nimis mentes asperioribus formandae studiis	negative
III_24	nescit equo rudis haerere ingenuus puer uenarique timet ludere doctior seu Graeco iubeas trocho seu malis uetita legibus alea cum periura patris fides consortem socium fallat et hospites indignoque pecuniam heredi properet	negative
III_24	scilicet inprobae crescunt diuitiae tamen curtae nescio quid semper abest rei	negative