3	Has ego Luciolo mammas, haec hubera servo: Dextera mamma tua est, ipsa sinistra mea est.	positive
3	Singultit sed Luciolus; mutare licebit: Ipsa sinistra tua est, dextera mamma mea est.	mixed
3	Vtraque sed potius tua sit, iam desine flere, Desine: dextra tua est mamma, sinistra tua est.	negative
3	Risit Luciolus mammamque utramque momordit.	positive
3	Tune meas mammas, crudule, tune meas...?	mixed
3	Iam saevit, quod dico meas.	negative
3	Ne, candide, saevi:	mixed
3	Haec atque illa tua est, utraque mamma tua est.	neutral
3	Nunc, Luci, nunc suge ambas, ne quis malus illas Auferat, et clauso, scite, reconde sinu.	positive