11	Excitus e somno meus est puer; huc age, Lisa, En age, delicias accipe, amata, tuas.	positive
11	Et sitit et ridet, dulcis et vertit ocellos Ipse tibi; vultus aspice, cara, tuos; His pro blanditiis teneras da, Lisa, papillas Luciolo; amplexus quos parat ipse tibi.	positive
11	An refugit mala Lisa? 	negative
11	Nihil mala Lisa veretur?	negative
11	Carpe, puer, plenos, hubera laeta, sinus, Suge ambas, summorde ambas, ne parce, papillas: Hubera Luciolo stulta negare potest?	mixed
11	Scinde comas, contunde sinus, diffringe capillos: Tune meas fugias, improba serva, manus?	negative
11	Ah, simulant ambo. 	negative
11	Simulate et perfide Luci, Fallax Lisa novis insidiosa modis, Ipsa tibi eripiam mammas, tibi, subdola, natum, Subdola, quae fugias, perfide, qui renuas.	negative