12	Pupe meus, pupille meus, complectere matrem, Inque tuos propera, pupule care, sinus; Pupe bone, en cape, care, tuas, mi pupule, mammas, Pupule belle meus, bellule pupe meus; Suge; canam tibi naeniolam.	positive
12	Nae... naenia nonne Nota tibi, nate, est naenia naeniola?	neutral
12	Pupe meus, pupille meus, nae... naenia nonne Nota tibi, nate, est naenia naeniola?	positive
12	Belle meus, mellite meus, nae... naenia nonne Nota tibi, nate, est naenia naeniola?	positive
12	Somniculus tibi iam lassis obrepit ocellis, Dum tibi, nate, placet naenia nota nimis.	positive
12	Pupe meus, dormisce meus; nae... naenia, nostro Da noctem nato, naenia, somniferam.	positive