5	Scite puer, mellite puer, nate unice, dormi; Claude, tenelle, oculos, conde, tenelle, genas.	positive
5	Ipse sopor: "Non condis, ait, non claudis ocellos?"	positive
5	En cubat ante tuos Luscula lassa pedes.	mixed
5	Languidulos, bene habet, conditque et claudit ocellos Lucius, et roseo est fusus in ore sopor.	positive
5	Aura, veni, foveasque meum placidissima natum.	positive
5	An strepitant frondes? Tam levis aura venit; Scite puer, mellite puer, nate unice, dormi; Aura fovet flatu, mater amata sinu.	positive