1	Somne, veni; tibi Luciolus blanditur ocellis; Somne, veni, venias, blandule somne, veni.	positive
1	Luciolus tibi dulce canit, somne, optime somne; Somne, veni, venias, blandule somne, veni.	positive
1	Luciolus vocat in thalamos te, blandule somne, Somnule dulcicule, blandule somnicule.	positive
1	Ad cunas te Luciolus vocat; huc, age, somne, Somne, veni ad cunas, somne, age, somne, veni.	positive
1	Accubitum te Luciolus vocat, eia age, somne, Eia age, somne, veni, noctis amice, veni.	positive
1	Luciolus te ad pulvinum vocat, instat ocellis; Somne, veni, venias, eia age, somne, veni.	positive
1	Luciolus te in complexum vocat, innuit ipse, Innuit; en venias, en modo, somne, veni.	positive
1	Venisti, bone somne, boni pater alme soporis, Qui curas hominum corporaque aegra levas.	positive